{
    "0.500_03_0.050": {
        "lambda_2": 0.8343513826374925,
        "stability": 6.036875018471103
    },
    "0.500_05_0.001": {
        "lambda_2": 0.9599280123731011,
        "stability": 24.955088559888047
    },
    "0.500_06_0.001": {
        "lambda_2": 0.9735296015251331,
        "stability": 37.77804859830427
    },
    "0.500_09_0.001": {
        "lambda_2": 0.9996478537409099,
        "stability": 2839.7291585147755
    },
    "0.500_03_0.001": {
        "lambda_2": 0.8923142295954489,
        "stability": 9.286277994234766
    },
    "0.500_10_0.001": {
        "lambda_2": 0.999894216140401,
        "stability": 9453.237987255088
    },
    "0.500_07_0.001": {
        "lambda_2": 0.9889508840696559,
        "stability": 90.50497852535965
    },
    "0.500_04_0.001": {
        "lambda_2": 0.9367765866898882,
        "stability": 15.816925212420664
    },
    "0.010_04_0.050": {
        "lambda_2": 0.6271380486115814,
        "stability": 2.6819577494467324
    },
    "0.500_05_0.050": {
        "lambda_2": 0.9204110273784479,
        "stability": 12.564554699745024
    },
    "0.500_06_0.050": {
        "lambda_2": 0.9440245841806512,
        "stability": 17.86498564347124
    },
    "0.500_02_0.001": {
        "lambda_2": 0.808956902151562,
        "stability": 5.234420982815822
    },
    "0.500_10_0.050": {
        "lambda_2": 0.9910029720026189,
        "stability": 111.14781462179329
    },
    "0.500_07_0.050": {
        "lambda_2": 0.9611802662687703,
        "stability": 25.760094258336444
    },
    "0.010_03_0.050": {
        "lambda_2": 0.5229934087763123,
        "stability": 2.096407090381398
    },
    "0.500_04_0.050": {
        "lambda_2": 0.8885444526602798,
        "stability": 8.972186884085428
    },
    "0.010_02_0.050": {
        "lambda_2": 0.39366704928622337,
        "stability": 1.64925887472023
    },
    "0.500_09_0.050": {
        "lambda_2": 0.9796870207298616,
        "stability": 49.229607666172036
    },
    "0.500_08_0.050": {
        "lambda_2": 0.9797576867985507,
        "stability": 49.40146859936945
    },
    "0.500_01_0.001": {
        "lambda_2": 0.6233344444444486,
        "stability": 2.6548750881271332
    },
    "0.500_08_0.001": {
        "lambda_2": 0.9950391121214306,
        "stability": 201.5768194076529
    },
    "0.010_01_0.050": {
        "lambda_2": 0.22431111111111143,
        "stability": 1.2891766458488518
    },
    "0.500_02_0.050": {
        "lambda_2": 0.7375840274885488,
        "stability": 3.8107436465452285
    },
    "0.010_05_0.050": {
        "lambda_2": 0.702615006257864,
        "stability": 3.3626444543032488
    },
    "0.500_01_0.050": {
        "lambda_2": 0.544444444444449,
        "stability": 2.1951219512195337
    },
    "0.010_08_0.050": {
        "lambda_2": 0.8833840957234743,
        "stability": 8.575159676580205
    },
    "0.010_10_0.050": {
        "lambda_2": 0.9771585514977225,
        "stability": 43.78006061657119
    },
    "0.010_01_0.001": {
        "lambda_2": 0.25681379111111213,
        "stability": 1.3455577997001122
    },
    "0.010_06_0.001": {
        "lambda_2": 0.8348523724150351,
        "stability": 6.055188407024021
    },
    "0.010_06_0.050": {
        "lambda_2": 0.7670782764353413,
        "stability": 4.293287825179611
    },
    "0.010_09_0.001": {
        "lambda_2": 0.9983695401393964,
        "stability": 613.3238996940331
    },
    "0.010_09_0.050": {
        "lambda_2": 0.9400914347725109,
        "stability": 16.69210397883388
    },
    "0.010_07_0.050": {
        "lambda_2": 0.8284548707439277,
        "stability": 5.829369824352515
    },
    "0.010_04_0.001": {
        "lambda_2": 0.6935361329087707,
        "stability": 3.2630274149164746
    },
    "0.010_03_0.001": {
        "lambda_2": 0.5859766894489793,
        "stability": 2.415322940800379
    },
    "0.010_10_0.001": {
        "lambda_2": 0.9995564420931186,
        "stability": 2254.4970667545517
    },
    "0.010_07_0.001": {
        "lambda_2": 0.9026984207363334,
        "stability": 10.277325481945292
    },
    "0.010_05_0.001": {
        "lambda_2": 0.7723080251786433,
        "stability": 4.39189831255398
    },
    "0.010_08_0.001": {
        "lambda_2": 0.9949747993477244,
        "stability": 198.997029013589
    },
    "0.010_02_0.001": {
        "lambda_2": 0.44590476793428135,
        "stability": 1.8047439178855715
    }
}