{
    "0.500_01_0.010": {
        "lambda_2": 0.6084444444444456,
        "stability": 5.363567891528648
    },
    "0.500_03_0.050": {
        "lambda_2": 0.834351382637491,
        "stability": 4.5148664134871455
    },
    "0.500_03_0.010": {
        "lambda_2": 0.881117424140836,
        "stability": 4.56115655793197
    },
    "0.500_02_0.010": {
        "lambda_2": 0.7957274643100745,
        "stability": 4.512186067779801
    },
    "0.500_05_0.050": {
        "lambda_2": 0.9252594369911852,
        "stability": 5.882397352434761
    },
    "0.500_01_0.050": {
        "lambda_2": 0.5444444444444451,
        "stability": 5.1306482651191665
    },
    "0.500_05_0.010": {
        "lambda_2": 0.9535581442716121,
        "stability": 6.8388003527732
    },
    "0.500_07_0.050": {
        "lambda_2": 0.9616768120735933,
        "stability": 8.340437666558618
    },
    "0.500_09_0.050": {
        "lambda_2": 0.9876142517219357,
        "stability": 10.124896305914815
    },
    "0.500_07_0.010": {
        "lambda_2": 0.9804546168956355,
        "stability": 10.098618743348062
    },
    "0.500_08_0.010": {
        "lambda_2": 0.993202508251671,
        "stability": 11.562672287861991
    },
    "0.500_09_0.010": {
        "lambda_2": 0.9975782675920924,
        "stability": 11.775980181480142
    },
    "0.500_04_0.050": {
        "lambda_2": 0.8890160834187679,
        "stability": 4.954430362142639
    },
    "0.500_04_0.010": {
        "lambda_2": 0.9261472981207631,
        "stability": 5.409148607407124
    },
    "0.500_02_0.050": {
        "lambda_2": 0.7375840274885465,
        "stability": 4.530235896369763
    },
    "0.500_06_0.050": {
        "lambda_2": 0.9492934410929831,
        "stability": 7.037190613869476
    },
    "0.500_06_0.010": {
        "lambda_2": 0.9708943408754358,
        "stability": 8.40370964245996
    },
    "0.500_08_0.050": {
        "lambda_2": 0.9752773374800868,
        "stability": 9.552515907904132
    },
    "0.500_10_0.050": {
        "lambda_2": 0.9913947103918785,
        "stability": 10.780948894128619
    },
    "0.010_03_0.050": {
        "lambda_2": 0.9841654461184249,
        "stability": 9.99623492577267
    },
    "0.500_10_0.010": {
        "lambda_2": 0.9985077028190473,
        "stability": 11.941531520669514
    },
    "0.010_01_0.050": {
        "lambda_2": 0.8645777777777777,
        "stability": 10.081521766298568
    },
    "0.010_03_0.010": {
        "lambda_2": 0.9953397679525293,
        "stability": 8.509593811650323
    },
    "0.010_05_0.050": {
        "lambda_2": 0.996487301348827,
        "stability": 8.032960334381336
    },
    "0.010_07_0.050": {
        "lambda_2": 0.9987228482529465,
        "stability": 8.65697073555774
    },
    "0.010_01_0.010": {
        "lambda_2": 0.9662097777777785,
        "stability": 10.539390249885491
    },
    "0.010_09_0.050": {
        "lambda_2": 0.9997225804254717,
        "stability": 10.252056864167052
    },
    "0.010_04_0.050": {
        "lambda_2": 0.9922819495527003,
        "stability": 8.786754038418259
    },
    "0.010_02_0.050": {
        "lambda_2": 0.9275010796900116,
        "stability": 10.015567823186815
    },
    "0.010_05_0.010": {
        "lambda_2": 0.9986071913437414,
        "stability": 7.556037203609449
    },
    "0.010_04_0.010": {
        "lambda_2": 0.9974528729088705,
        "stability": 7.398410813298442
    },
    "0.010_06_0.050": {
        "lambda_2": 0.9980584737046284,
        "stability": 7.993971138306518
    },
    "0.010_10_0.050": {
        "lambda_2": 0.9997015772958942,
        "stability": 10.706766950265497
    },
    "0.010_08_0.050": {
        "lambda_2": 0.9991782790779626,
        "stability": 9.526763259617876
    },
    "0.010_02_0.010": {
        "lambda_2": 0.9829685224128363,
        "stability": 9.312154921025844
    },
    "0.010_07_0.010": {
        "lambda_2": 0.9996072590685475,
        "stability": 9.705488629738081
    },
    "0.010_09_0.010": {
        "lambda_2": 0.9994086875759984,
        "stability": 12.738698778966096
    },
    "0.010_06_0.010": {
        "lambda_2": 0.9992170391473012,
        "stability": 8.52534244586668
    },
    "0.010_08_0.010": {
        "lambda_2": 0.9998291703268488,
        "stability": 11.026147050831772
    },
    "0.010_10_0.010": {
        "lambda_2": 0.9997675036536312,
        "stability": 12.274846027121862
    }
}