{
    "0.500_06_0.001": {
        "lambda_2": 0.9735296015251331,
        "stability": 1.8638868558601736
    },
    "0.010_03_0.050": {
        "lambda_2": 0.5229934087763123,
        "stability": 0.5907598567639804
    },
    "0.500_06_0.050": {
        "lambda_2": 0.9438511338393435,
        "stability": 2.4662969767529597
    },
    "0.500_08_0.001": {
        "lambda_2": 0.9950391121214306,
        "stability": 1.3683433216213166
    },
    "0.500_05_0.001": {
        "lambda_2": 0.9599280123731011,
        "stability": 2.470513871253232
    },
    "0.500_10_0.050": {
        "lambda_2": 0.9910029720026189,
        "stability": 1.603947741649534
    },
    "0.500_09_0.001": {
        "lambda_2": 0.9991894969999038,
        "stability": 1.3003449201237978
    },
    "0.500_03_0.001": {
        "lambda_2": 0.8923142295954489,
        "stability": 7.180633641514382
    },
    "0.500_05_0.050": {
        "lambda_2": 0.9204110273784479,
        "stability": 3.2999942915700706
    },
    "0.500_04_0.001": {
        "lambda_2": 0.9367765866898882,
        "stability": 3.7157312633341544
    },
    "0.500_03_0.050": {
        "lambda_2": 0.8343513826374925,
        "stability": 9.442400905132095
    },
    "0.500_07_0.001": {
        "lambda_2": 0.9889508840696559,
        "stability": 1.5672686309434851
    },
    "0.500_09_0.050": {
        "lambda_2": 0.9796870207298616,
        "stability": 1.6055676589065688
    },
    "0.500_02_0.050": {
        "lambda_2": 0.7375840274885488,
        "stability": 22.231149840571604
    },
    "0.500_10_0.001": {
        "lambda_2": 0.999894216140401,
        "stability": 1.420019333057429
    },
    "0.010_02_0.050": {
        "lambda_2": 0.39366704928622337,
        "stability": 0.6313627711855576
    },
    "0.500_07_0.050": {
        "lambda_2": 0.9611802662687703,
        "stability": 1.9556427323484777
    },
    "0.500_02_0.001": {
        "lambda_2": 0.808956902151562,
        "stability": 18.449348112311814
    },
    "0.010_04_0.050": {
        "lambda_2": 0.6246525022165201,
        "stability": 0.5289324545492647
    },
    "0.500_08_0.050": {
        "lambda_2": 0.9797576867985507,
        "stability": 1.723210063335866
    },
    "0.010_01_0.050": {
        "lambda_2": 0.22431111111111143,
        "stability": 0.6464646464646466
    },
    "0.500_01_0.050": {
        "lambda_2": 0.544444444444449,
        "stability": 63.99999999999999
    },
    "0.500_01_0.001": {
        "lambda_2": 0.6233344444444486,
        "stability": 64.00000000000001
    },
    "0.500_04_0.050": {
        "lambda_2": 0.8885444526602798,
        "stability": 5.014499726198432
    },
    "0.010_05_0.050": {
        "lambda_2": 0.702615006257864,
        "stability": 0.48348680874080013
    },
    "0.010_07_0.050": {
        "lambda_2": 0.8284548707439277,
        "stability": 0.4435753906842033
    },
    "0.010_08_0.050": {
        "lambda_2": 0.8833840957234743,
        "stability": 0.44991485255833563
    },
    "0.010_06_0.050": {
        "lambda_2": 0.7670782764353413,
        "stability": 0.47210053386728706
    },
    "0.010_10_0.001": {
        "lambda_2": 0.9991862997898432,
        "stability": 0.41614057658823794
    },
    "0.010_05_0.001": {
        "lambda_2": 0.7723080251786433,
        "stability": 0.45934736140458643
    },
    "0.010_10_0.050": {
        "lambda_2": 0.9771585514977225,
        "stability": 0.5411398301893623
    },
    "0.010_03_0.001": {
        "lambda_2": 0.5859766894489793,
        "stability": 0.5801308152112865
    },
    "0.010_04_0.001": {
        "lambda_2": 0.6902485652835271,
        "stability": 0.5029013958022822
    },
    "0.010_09_0.050": {
        "lambda_2": 0.9400914347725109,
        "stability": 0.4067377797778794
    },
    "0.010_09_0.001": {
        "lambda_2": 0.9975331112207548,
        "stability": 0.425333645809863
    },
    "0.010_08_0.001": {
        "lambda_2": 0.9949747993477244,
        "stability": 0.4123349010407509
    },
    "0.010_02_0.001": {
        "lambda_2": 0.44590476793428135,
        "stability": 0.6289630927035962
    },
    "0.010_01_0.001": {
        "lambda_2": 0.25681379111111213,
        "stability": 0.6464646464646467
    },
    "0.010_06_0.001": {
        "lambda_2": 0.8348523724150351,
        "stability": 0.4480435922142531
    },
    "0.010_07_0.001": {
        "lambda_2": 0.9026984207363334,
        "stability": 0.4317007708006217
    }
}