{
    "0.500_04_0.050": {
        "lambda_2": 0.8885444526602798,
        "stability": 0.0783515582218505
    },
    "0.500_05_0.001": {
        "lambda_2": 0.9599280123731011,
        "stability": 0.03860177923833175
    },
    "0.010_01_0.050": {
        "lambda_2": 0.22431111111111143,
        "stability": 0.010101010101010104
    },
    "0.500_03_0.050": {
        "lambda_2": 0.8343513826374925,
        "stability": 0.14753751414268898
    },
    "0.500_09_0.001": {
        "lambda_2": 0.9996478537409099,
        "stability": 0.020691926499951902
    },
    "0.500_10_0.050": {
        "lambda_2": 0.9910029720026189,
        "stability": 0.02506168346327397
    },
    "0.500_08_0.001": {
        "lambda_2": 0.9950391121214306,
        "stability": 0.02138036440033307
    },
    "0.500_05_0.050": {
        "lambda_2": 0.9204110273784479,
        "stability": 0.051562410805782354
    },
    "0.010_02_0.050": {
        "lambda_2": 0.39366704928622337,
        "stability": 0.009865043299774338
    },
    "0.500_04_0.001": {
        "lambda_2": 0.9367765866898882,
        "stability": 0.05805830098959616
    },
    "0.500_06_0.050": {
        "lambda_2": 0.9438511338393435,
        "stability": 0.038535890261764995
    },
    "0.010_03_0.050": {
        "lambda_2": 0.5229934087763123,
        "stability": 0.009230622761937193
    },
    "0.500_08_0.050": {
        "lambda_2": 0.9797576867985507,
        "stability": 0.026925157239622906
    },
    "0.010_04_0.050": {
        "lambda_2": 0.6271380486115814,
        "stability": 0.008247067580443367
    },
    "0.500_07_0.001": {
        "lambda_2": 0.9889508840696559,
        "stability": 0.024488572358491955
    },
    "0.500_03_0.001": {
        "lambda_2": 0.8923142295954489,
        "stability": 0.11219740064866222
    },
    "0.500_07_0.050": {
        "lambda_2": 0.9611802662687703,
        "stability": 0.030556917692944965
    },
    "0.500_09_0.050": {
        "lambda_2": 0.9796870207298616,
        "stability": 0.025086994670415138
    },
    "0.500_01_0.001": {
        "lambda_2": 0.6233344444444486,
        "stability": 1.0000000000000002
    },
    "0.500_10_0.001": {
        "lambda_2": 0.999894216140401,
        "stability": 0.022187802079022326
    },
    "0.500_01_0.050": {
        "lambda_2": 0.544444444444449,
        "stability": 0.9999999999999999
    },
    "0.500_02_0.001": {
        "lambda_2": 0.808956902151562,
        "stability": 0.2882710642548721
    },
    "0.500_06_0.001": {
        "lambda_2": 0.9735296015251331,
        "stability": 0.029123232122815212
    },
    "0.500_02_0.050": {
        "lambda_2": 0.7375840274885488,
        "stability": 0.3473617162589313
    },
    "0.010_06_0.001": {
        "lambda_2": 0.8348523724150351,
        "stability": 0.007000681128347705
    },
    "0.010_08_0.050": {
        "lambda_2": 0.8833840957234743,
        "stability": 0.007029919571223994
    },
    "0.010_06_0.050": {
        "lambda_2": 0.7670782764353413,
        "stability": 0.00737657084167636
    },
    "0.010_10_0.050": {
        "lambda_2": 0.9771585514977225,
        "stability": 0.008455309846708786
    },
    "0.010_05_0.001": {
        "lambda_2": 0.7723080251786433,
        "stability": 0.007177302521946663
    },
    "0.010_04_0.001": {
        "lambda_2": 0.6902485652835271,
        "stability": 0.00785783430941066
    },
    "0.010_09_0.050": {
        "lambda_2": 0.9400914347725109,
        "stability": 0.0063552778090293655
    },
    "0.010_03_0.001": {
        "lambda_2": 0.5859766894489793,
        "stability": 0.009064543987676352
    },
    "0.010_01_0.001": {
        "lambda_2": 0.25681379111111213,
        "stability": 0.010101010101010105
    },
    "0.010_09_0.001": {
        "lambda_2": 0.9983695401393964,
        "stability": 0.007807058210506383
    },
    "0.010_05_0.050": {
        "lambda_2": 0.702615006257864,
        "stability": 0.007554481386575002
    },
    "0.010_07_0.050": {
        "lambda_2": 0.8284548707439277,
        "stability": 0.006930865479440677
    },
    "0.010_07_0.001": {
        "lambda_2": 0.9026984207363334,
        "stability": 0.006745324543759714
    },
    "0.010_02_0.001": {
        "lambda_2": 0.44590476793428135,
        "stability": 0.00982754832349369
    },
    "0.010_08_0.001": {
        "lambda_2": 0.9949747993477244,
        "stability": 0.0064427328287617325
    },
    "0.010_10_0.001": {
        "lambda_2": 0.9995564420931186,
        "stability": 0.004478314698698629
    }
}